campaign_id,date,channel,campaign_name,spend,impressions,clicks,conversions,revenue
CMP0001,12/02/2024,Email,Flash Sale,,135337,1954,135,127.23
CMP0002,29/05/2024,facebook ads,New Launch,12009.39,,963,104,1362.8
CMP0003,05/07/2024,facebook ads,Flash Sale,14303.48,24190,644,5,22080.11
CMP0004,2024-05-04,Google Ads,Flash Sale,,52741,972,,2837.07
CMP0005,23/05/2024,google ads,Diwali Offer,,119311,1687,,15463.73
CMP0006,2024-01-24,email,Summer Sale,7627.32,160619,2148,28,6803.67
CMP0007,25/08/2024,instagram,Brand Awareness,13980.7,46617,700,95,1467.89
CMP0008,2024-06-17,Email,New Launch,14440.73,99450,1429,62,2773.41
CMP0009,07/17/2024,email,Summer Sale,12636.48,10112,1066,43,34815.43
CMP0010,2024-02-07,email,Summer Sale,-200,126584,,,14628.99
CMP0011,04/04/2024,Email,Retargeting,,155248,1271,2,5035.31
CMP0012,03/08/2024,instagram,Flash Sale,-200,107327,1734,35,3793.57
CMP0013,01/07/2024,email,New Launch,1542.4,,1162,101,8784.32
CMP0014,17/02/2024,google ads,Flash Sale,11290.88,196444,2483,2,34578.52
CMP0015,2024-05-25,google ads,Diwali Offer,14478.03,41939,181,75,32122.94
CMP0016,2024-05-26,LinkedIn Ads,Brand Awareness,1370.74,82305,-5,134,7582.1
CMP0017,2024-03-24,instagram,Summer Sale,-200,171842,,114,37882.03
CMP0018,29/06/2024,email,Brand Awareness,,13797,298,10,28167.17
CMP0019,04/07/2024,email,New Launch,6284.62,172529,943,122,14921.11
CMP0020,25/02/2024,Instagram,New Launch,7477.4,,1263,1,8081.45
CMP0021,2024-07-02,facebook ads,Brand Awareness,3042.12,195604,-5,,6657.68
CMP0022,22/06/2024,instagram,Flash Sale,8934.29,85439,-5,,20281.96
CMP0023,25/06/2024,Email,New Launch,14140.61,175523,1799,44,24868.44
CMP0024,2024-09-06,Facebook Ads,Diwali Offer,-200,20628,2896,10,17649.44
CMP0025,01/02/2024,Google Ads,Summer Sale,14606.18,98004,,146,32893.86
CMP0026,13/01/2024,google ads,Retargeting,6343.08,,932,4,2920.48
CMP0027,08/01/2024,google ads,New Launch,,129815,2494,86,6138.84
CMP0028,06/12/2024,Facebook Ads,Summer Sale,10188.62,50750,412,90,1485.91
CMP0029,06/23/2024,Email,New Launch,970.37,108064,1478,49,20983.2
CMP0030,2024-07-30,google ads,Brand Awareness,1086.93,169449,2191,94,6480.42
CMP0031,2024-07-25,Instagram,Flash Sale,1307.08,140789,,,
CMP0032,08/27/2024,instagram,Summer Sale,13741.49,199095,1096,41,38979.68
CMP0033,2024-04-15,google ads,Brand Awareness,8545.46,63880,,45,26874.72
CMP0034,2024-05-26,Facebook Ads,Retargeting,14341.98,195443,2735,136,35803.0
CMP0035,2024-02-01,google ads,Flash Sale,6651.76,171597,2036,47,15121.6
CMP0036,2024-03-08,LinkedIn Ads,Retargeting,3484.27,80144,1386,,15074.92
CMP0037,01/01/2024,Instagram,Brand Awareness,12570.11,193451,2000,123,
CMP0038,03/02/2024,instagram,Retargeting,5637.5,182674,1844,65,14996.61
CMP0039,19/07/2024,facebook ads,New Launch,9133.12,66198,326,37,37407.61
CMP0040,06/06/2024,google ads,Brand Awareness,3500.97,9430,2930,,20903.59
CMP0041,2024-08-03,Instagram,Summer Sale,,158774,257,,9299.11
CMP0042,05/04/2024,LinkedIn Ads,Brand Awareness,5921.53,38389,-5,113,18276.7
CMP0043,27/02/2024,google ads,Summer Sale,,153838,916,88,6602.92
CMP0044,03/24/2024,instagram,Diwali Offer,3623.21,3711,774,39,4470.25
CMP0045,01/30/2024,Email,Summer Sale,11532.61,5713,2875,62,22721.01
CMP0046,04/20/2024,LinkedIn Ads,Flash Sale,10120.92,181101,-5,106,19936.95
CMP0047,07/16/2024,email,New Launch,1050.23,189666,1062,41,14843.38
CMP0048,08/03/2024,Instagram,Summer Sale,2173.88,37174,2003,38,15618.73
CMP0049,22/06/2024,google ads,Summer Sale,,28867,1751,121,35327.84
CMP0050,12/01/2024,Instagram,Brand Awareness,5286.23,53494,86,55,34738.93
CMP0051,2024-06-19,email,New Launch,11177.67,184801,1547,46,19204.76
CMP0052,08/16/2024,Google Ads,Diwali Offer,10348.99,21589,2778,62,12164.64
CMP0053,2024-07-29,Email,Summer Sale,9575.77,161568,1103,59,34885.07
CMP0054,29/07/2024,google ads,Retargeting,9938.38,,-5,97,11795.35
CMP0055,2024-04-08,Google Ads,Flash Sale,558.2,125092,1871,83,20414.22
CMP0056,04/24/2024,Instagram,Retargeting,-200,92471,2279,104,39176.57
CMP0057,09/06/2024,Instagram,Diwali Offer,2458.7,166716,2591,23,31337.6
CMP0058,2024-03-28,Google Ads,Diwali Offer,10552.94,46481,182,141,5127.3
CMP0059,2024-07-02,google ads,Summer Sale,3020.26,57781,1698,98,34195.67
CMP0060,2024-07-05,google ads,Diwali Offer,5157.34,,1784,21,35993.19
CMP0061,07/01/2024,Google Ads,New Launch,10930.28,128643,,142,36368.64
CMP0062,2024-05-20,Facebook Ads,Flash Sale,-200,167581,2144,16,
CMP0063,01/24/2024,Email,Diwali Offer,,70533,1815,76,38886.47
CMP0064,2024-08-25,Google Ads,Retargeting,9979.42,196219,1453,136,36456.75
CMP0065,2024-08-15,email,Diwali Offer,7353.47,125040,999,49,12615.19
CMP0066,09/07/2024,LinkedIn Ads,Retargeting,11411.55,,1091,,
CMP0067,17/02/2024,email,Retargeting,9152.81,159592,2066,29,22526.36
CMP0068,2024-05-17,Facebook Ads,Brand Awareness,11658.43,113777,2619,101,27696.29
CMP0069,01/04/2024,Instagram,Retargeting,,190017,-5,101,23464.61
CMP0070,01/16/2024,instagram,Diwali Offer,5924.38,70125,1762,59,4131.8
CMP0071,2024-08-20,Google Ads,Brand Awareness,3004.24,159520,,13,19239.5
CMP0072,2024-06-02,Google Ads,Retargeting,5965.41,39280,-5,150,25035.1
CMP0073,24/07/2024,instagram,Summer Sale,10244.48,27025,,86,38647.62
CMP0074,03/27/2024,Email,Flash Sale,7420.66,15107,,134,5879.21
CMP0075,23/01/2024,facebook ads,Retargeting,6277.15,162997,1972,105,36359.67
CMP0076,07/08/2024,Instagram,New Launch,7347.93,194223,2301,,35617.27
CMP0077,2024-07-25,instagram,Diwali Offer,12695.49,,1169,,2788.51
CMP0078,05/07/2024,email,Diwali Offer,-200,138882,1359,35,29996.93
CMP0079,04/05/2024,Email,Brand Awareness,-200,136318,1647,37,
CMP0080,02/07/2024,google ads,Retargeting,12049.55,170989,854,13,15892.29
CMP0081,02/20/2024,facebook ads,Retargeting,4578.22,10504,,,31890.49
CMP0082,16/01/2024,email,Flash Sale,9982.85,,,,
CMP0083,04/28/2024,facebook ads,Brand Awareness,,196047,2821,47,5277.31
CMP0084,02/13/2024,Facebook Ads,Diwali Offer,7918.4,,2535,66,25527.92
CMP0085,14/05/2024,Email,Retargeting,,167072,299,87,26613.83
CMP0086,10/02/2024,Email,Brand Awareness,2882.59,19810,-5,66,
CMP0087,2024-05-27,email,Flash Sale,9705.12,83267,,36,13914.97
CMP0088,01/09/2024,Instagram,Diwali Offer,6093.66,90358,2468,8,10666.69
CMP0089,06/11/2024,Email,New Launch,9866.18,195763,645,146,18420.32
CMP0090,18/04/2024,LinkedIn Ads,New Launch,12556.29,60712,1794,132,13658.47
CMP0091,05/22/2024,Email,Diwali Offer,-200,69647,,120,7447.74
CMP0092,04/28/2024,instagram,Retargeting,3046.68,127945,1798,131,24129.74
CMP0093,05/06/2024,facebook ads,Retargeting,2986.97,149472,625,,34736.84
CMP0094,2024-03-21,google ads,Retargeting,5000.37,85917,928,137,24008.79
CMP0095,2024-06-17,Email,Diwali Offer,6977.28,190734,699,52,26976.28
CMP0096,09/06/2024,Email,New Launch,9517.72,178929,78,8,
CMP0097,2024-02-20,Facebook Ads,Summer Sale,8704.02,52648,1422,131,7081.7
CMP0098,2024-04-11,Instagram,Brand Awareness,8319.86,,2641,33,19317.56
CMP0099,2024-08-04,Instagram,Flash Sale,10918.87,,1583,9,19211.98
CMP0100,2024-08-12,instagram,Summer Sale,12784.12,5330,-5,36,13906.05
CMP0101,2024-01-27,instagram,Summer Sale,3392.26,168689,540,114,10374.59
CMP0102,2024-02-10,Facebook Ads,Diwali Offer,1585.71,19784,1538,58,19179.95
CMP0103,03/05/2024,facebook ads,Diwali Offer,,109862,629,70,10742.35
CMP0104,04/08/2024,email,Flash Sale,2802.32,117601,965,116,22609.66
CMP0105,23/08/2024,facebook ads,Diwali Offer,3453.47,61765,2886,,36403.84
CMP0106,21/05/2024,LinkedIn Ads,Brand Awareness,-200,79700,,112,28985.13
CMP0107,07/08/2024,Google Ads,Retargeting,,123768,1022,50,5387.63
CMP0108,2024-08-19,google ads,New Launch,2666.99,103011,2989,,30034.31
CMP0109,03/03/2024,facebook ads,Retargeting,2061.05,132242,1877,125,14782.71
CMP0110,04/08/2024,Facebook Ads,Brand Awareness,13087.32,49495,2708,69,24055.59
CMP0111,2024-08-25,google ads,Brand Awareness,4514.48,98665,2965,106,4040.54
CMP0112,29/01/2024,instagram,Summer Sale,13740.98,59021,2895,60,
CMP0113,09/01/2024,email,Flash Sale,9020.23,107076,1644,40,37908.84
CMP0114,02/21/2024,facebook ads,Brand Awareness,4112.82,9721,916,107,15025.73
CMP0115,2024-08-07,instagram,Brand Awareness,10365.35,19226,545,59,
CMP0116,30/01/2024,email,Summer Sale,1675.32,198343,1844,29,
CMP0117,07/07/2024,Instagram,Diwali Offer,10056.96,18717,949,111,35966.91
CMP0118,04/27/2024,google ads,Flash Sale,,175724,2350,68,13726.43
CMP0119,21/05/2024,Facebook Ads,New Launch,3445.0,81433,,76,21784.98
CMP0120,23/05/2024,google ads,Flash Sale,4712.71,155185,2544,22,15164.43
CMP0121,2024-04-09,facebook ads,Flash Sale,7328.61,109714,,14,10251.64
CMP0122,10/08/2024,google ads,Diwali Offer,14099.87,13714,,13,
CMP0123,2024-01-19,Instagram,Diwali Offer,,,320,42,11398.09
CMP0124,2024-04-05,Google Ads,Retargeting,9860.38,36982,,25,29763.57
CMP0125,2024-02-27,email,New Launch,3410.95,51912,2727,97,38500.63
CMP0126,2024-01-15,LinkedIn Ads,Summer Sale,1254.75,45209,1905,39,7277.59
CMP0127,2024-07-14,instagram,Brand Awareness,13733.19,177923,2604,119,
CMP0128,2024-09-04,facebook ads,New Launch,4470.73,16850,1439,69,15233.45
CMP0129,2024-07-15,Google Ads,New Launch,12934.68,187716,-5,148,6399.27
CMP0130,2024-04-05,Google Ads,Summer Sale,13506.71,90929,1544,,16958.7
CMP0131,09/07/2024,Facebook Ads,New Launch,4374.43,189136,-5,42,16559.37
CMP0132,2024-04-23,instagram,Flash Sale,4030.03,35654,1087,34,38150.67
CMP0133,05/01/2024,Email,Brand Awareness,7045.9,157520,2214,80,31481.77
CMP0134,2024-06-15,google ads,New Launch,6848.28,165284,313,,34691.61
CMP0135,02/09/2024,google ads,Retargeting,12705.36,60471,1417,26,26418.67
CMP0136,03/11/2024,google ads,Diwali Offer,11118.95,,621,28,37732.26
CMP0137,2024-03-24,email,Brand Awareness,6432.54,54706,134,64,6324.3
CMP0138,08/05/2024,Instagram,Summer Sale,13765.82,182970,1369,147,38104.72
CMP0139,03/02/2024,Instagram,Diwali Offer,12146.63,13904,257,116,21679.63
CMP0140,28/03/2024,Instagram,Summer Sale,10797.0,,2258,117,20882.74
CMP0141,07/21/2024,Email,Brand Awareness,7758.17,64801,700,93,11529.94
CMP0142,08/07/2024,Google Ads,Flash Sale,5021.98,160812,2606,43,12710.28
CMP0143,03/20/2024,facebook ads,Retargeting,5193.75,82195,-5,150,5688.39
CMP0144,14/03/2024,facebook ads,New Launch,-200,5476,840,73,35041.96
CMP0145,14/07/2024,LinkedIn Ads,New Launch,8144.0,19258,2085,46,25319.3
CMP0146,2024-02-02,Google Ads,Flash Sale,9208.28,112729,2232,,20763.03
CMP0147,05/09/2024,google ads,Flash Sale,3042.98,76553,1817,,27820.72
CMP0148,06/02/2024,Email,New Launch,2319.4,87184,1509,120,39440.01
CMP0149,09/05/2024,facebook ads,Retargeting,10364.04,,,25,11016.17
CMP0150,01/20/2024,Instagram,Summer Sale,14241.83,185049,2434,11,10906.94
CMP0151,02/05/2024,google ads,New Launch,,13130,-5,61,33947.59
CMP0152,2024-03-10,google ads,Retargeting,5101.76,96900,536,30,14599.85
CMP0153,06/27/2024,Google Ads,Brand Awareness,,118972,1795,18,31345.51
CMP0154,19/07/2024,facebook ads,Retargeting,6459.1,117486,,109,30832.64
CMP0155,08/24/2024,facebook ads,Brand Awareness,13660.65,127566,-5,29,27845.8
CMP0156,01/03/2024,Google Ads,Summer Sale,5383.01,,1525,67,18636.3
CMP0157,27/05/2024,Email,Summer Sale,8992.91,25164,1081,110,1694.02
CMP0158,04/28/2024,Email,Summer Sale,9865.55,66787,1080,27,
CMP0159,02/02/2024,Google Ads,Summer Sale,7258.91,69358,,58,32644.34
CMP0160,2024-01-31,email,Brand Awareness,8394.47,187048,2547,94,14975.79
CMP0161,06/02/2024,Instagram,Retargeting,,114295,1622,3,36439.48
CMP0162,26/01/2024,Instagram,New Launch,14507.5,19804,,,6052.67
CMP0163,04/28/2024,Facebook Ads,New Launch,2309.29,134819,866,145,3026.34
CMP0164,08/24/2024,Facebook Ads,Flash Sale,11464.13,13809,2108,96,34227.63
CMP0165,06/08/2024,instagram,Summer Sale,,41637,957,74,32554.52
CMP0166,2024-07-12,instagram,Summer Sale,13285.74,166386,1912,60,1818.67
CMP0167,28/02/2024,google ads,Retargeting,3049.28,24930,2642,103,
CMP0168,05/19/2024,Facebook Ads,Flash Sale,5654.48,165536,-5,20,37948.56
CMP0169,08/31/2024,google ads,Retargeting,5410.2,141984,2295,3,37598.05
CMP0170,2024-03-06,Instagram,Diwali Offer,14782.28,120534,2242,113,
CMP0171,2024-09-06,Instagram,Flash Sale,10543.49,88569,,82,14329.87
CMP0172,03/07/2024,instagram,Brand Awareness,5388.36,38028,-5,5,26824.47
CMP0173,07/09/2024,google ads,Flash Sale,14485.98,133320,2425,128,11300.14
CMP0174,2024-05-09,facebook ads,Brand Awareness,14524.16,184604,2422,54,32904.76
CMP0175,06/05/2024,Facebook Ads,Diwali Offer,10181.57,84460,747,9,21270.12
CMP0176,01/26/2024,LinkedIn Ads,New Launch,10142.8,187595,1532,79,6126.71
CMP0177,20/05/2024,facebook ads,Flash Sale,14394.46,53402,2928,31,25064.13
CMP0178,2024-07-25,Google Ads,New Launch,13103.37,124093,2736,119,
CMP0179,21/01/2024,instagram,Retargeting,10564.0,12482,2058,63,2334.84
CMP0180,2024-06-12,Google Ads,Diwali Offer,11431.94,,2715,146,18060.47
CMP0181,23/07/2024,Google Ads,Flash Sale,2076.47,32108,2040,112,8676.43
CMP0182,05/09/2024,Facebook Ads,Flash Sale,-200,120630,-5,137,36974.77
CMP0183,25/05/2024,facebook ads,Brand Awareness,12604.38,98640,2180,65,3411.56
CMP0184,25/03/2024,Google Ads,Diwali Offer,11825.85,109942,1582,131,15396.06
CMP0185,10/05/2024,Google Ads,Summer Sale,,115774,2926,34,2632.7
CMP0186,2024-06-28,LinkedIn Ads,Brand Awareness,9915.53,183700,245,54,1979.95
CMP0187,2024-07-13,instagram,Brand Awareness,9200.02,122079,2246,9,199.74
CMP0188,23/03/2024,google ads,New Launch,3844.59,93701,2667,134,12057.01
CMP0189,2024-07-20,instagram,Brand Awareness,669.94,182222,1601,,6687.07
CMP0190,03/26/2024,email,New Launch,4523.77,43822,1972,47,896.98
CMP0191,2024-05-03,Email,Flash Sale,3660.82,197988,-5,123,21268.72
CMP0192,01/04/2024,Instagram,Retargeting,,,371,111,38119.32
CMP0193,06/09/2024,email,Retargeting,3048.75,177525,-5,39,20701.84
CMP0194,25/07/2024,Instagram,Summer Sale,9620.43,182530,1879,145,6894.4
CMP0195,30/05/2024,LinkedIn Ads,Diwali Offer,10749.64,148537,243,35,
CMP0196,05/24/2024,Facebook Ads,New Launch,7689.35,52403,917,39,14327.6
CMP0197,2024-04-13,Facebook Ads,Diwali Offer,11947.32,,1040,141,16081.32
CMP0198,2024-03-22,facebook ads,Flash Sale,7138.11,5573,1572,,21658.29
CMP0199,15/02/2024,Instagram,Flash Sale,,88502,1903,46,19833.71
CMP0200,23/03/2024,Facebook Ads,Brand Awareness,,66968,1429,93,6504.78
CMP0201,19/06/2024,instagram,New Launch,14114.68,,1630,28,13176.96
CMP0202,2024-03-25,Facebook Ads,Diwali Offer,9491.18,194238,1328,93,3261.99
CMP0203,2024-01-09,LinkedIn Ads,Brand Awareness,11946.07,134403,156,129,12617.09
CMP0204,04/15/2024,instagram,New Launch,12392.56,190582,1637,86,23319.12
CMP0205,05/07/2024,Facebook Ads,Brand Awareness,660.42,67706,652,52,8857.07
CMP0206,01/16/2024,google ads,Summer Sale,,3023,1981,119,8081.61
CMP0207,2024-05-11,email,Flash Sale,625.65,112549,2992,81,11101.08
CMP0208,28/05/2024,instagram,Flash Sale,6271.31,68649,1748,27,14864.95
CMP0209,28/05/2024,Google Ads,Diwali Offer,,3102,,45,25449.07
CMP0210,12/04/2024,Instagram,New Launch,8282.18,193956,1399,150,29027.67
CMP0211,04/08/2024,LinkedIn Ads,Diwali Offer,,141877,-5,,17095.6
CMP0212,2024-01-22,google ads,New Launch,10425.33,100852,2464,23,1127.11
CMP0213,03/30/2024,facebook ads,Retargeting,8767.0,110200,341,0,32221.74
CMP0214,2024-05-09,Email,Diwali Offer,6932.17,,,107,
CMP0215,13/08/2024,Google Ads,New Launch,-200,64449,1009,9,12928.13
CMP0216,03/05/2024,google ads,Summer Sale,9035.27,183069,2746,52,19851.61
CMP0217,27/04/2024,Facebook Ads,Retargeting,,126964,2577,13,608.7
CMP0218,11/08/2024,google ads,Retargeting,-200,166909,2015,4,1380.06
CMP0219,05/09/2024,facebook ads,Summer Sale,,148336,2987,96,33911.69
CMP0220,2024-01-13,Facebook Ads,Retargeting,9670.1,23843,635,75,27019.69
CMP0221,05/10/2024,Instagram,Diwali Offer,9150.78,41314,1123,142,573.9
CMP0222,01/30/2024,instagram,Diwali Offer,5706.4,155085,272,55,26848.39
CMP0223,02/08/2024,email,Retargeting,12154.25,38589,,71,17587.92
CMP0224,2024-01-02,email,Flash Sale,2703.92,7437,1240,35,25795.15
CMP0225,13/06/2024,Instagram,Brand Awareness,,,1541,97,31610.02
CMP0226,02/21/2024,email,Flash Sale,10128.84,63019,1534,3,23822.81
CMP0227,05/15/2024,Instagram,Diwali Offer,13371.6,116530,2478,26,8275.33
CMP0228,2024-02-05,email,Diwali Offer,4988.41,171453,1497,150,6884.5
CMP0229,02/16/2024,Google Ads,Diwali Offer,932.99,164205,1720,98,32142.89
CMP0230,2024-03-17,email,Diwali Offer,5635.64,24421,970,61,12175.97
CMP0231,03/21/2024,google ads,Brand Awareness,790.89,75003,418,145,28193.74
CMP0232,2024-02-27,google ads,Flash Sale,10177.43,162744,1578,123,35321.78
CMP0233,09/06/2024,facebook ads,Summer Sale,1056.98,196989,495,75,36959.83
CMP0234,2024-01-12,email,Summer Sale,2055.3,86666,2986,87,6201.25
CMP0235,2024-05-16,LinkedIn Ads,Diwali Offer,4646.43,75907,1398,99,24993.76
CMP0236,03/09/2024,email,New Launch,8607.85,106573,-5,139,17604.73
CMP0237,09/05/2024,facebook ads,Flash Sale,7638.3,152374,2381,55,5055.63
CMP0238,2024-07-01,LinkedIn Ads,Diwali Offer,8587.43,182649,133,74,
CMP0239,03/06/2024,google ads,Brand Awareness,10758.1,87734,2745,16,14265.67
CMP0240,27/06/2024,facebook ads,Summer Sale,3600.5,146506,2034,65,35846.88
CMP0241,2024-07-28,instagram,Brand Awareness,6448.38,190545,,67,37559.15
CMP0242,01/05/2024,Email,Flash Sale,8962.2,50257,2457,56,32571.77
CMP0243,12/07/2024,LinkedIn Ads,Diwali Offer,1691.45,25364,,97,25311.38
CMP0244,07/06/2024,LinkedIn Ads,Retargeting,10545.6,30033,1693,,1040.47
CMP0245,2024-08-20,Facebook Ads,Flash Sale,1990.64,179478,2588,114,498.13
CMP0246,2024-02-11,facebook ads,Diwali Offer,7388.26,,-5,9,28952.71
CMP0247,2024-06-17,Google Ads,New Launch,4645.86,14399,2640,138,22004.99
CMP0248,09/02/2024,google ads,Retargeting,2595.47,94796,921,56,39310.22
CMP0249,01/23/2024,Instagram,Summer Sale,13014.03,53686,2647,39,
CMP0250,05/08/2024,facebook ads,Brand Awareness,6503.95,15513,261,,15707.86
CMP0251,18/06/2024,email,Brand Awareness,2297.96,169884,-5,145,33296.48
CMP0252,2024-03-02,instagram,Brand Awareness,4324.12,126645,,87,28927.34
CMP0253,06/07/2024,instagram,Diwali Offer,7949.34,110481,1146,142,31444.34
CMP0254,22/02/2024,Instagram,Brand Awareness,13402.25,101724,870,12,21466.96
CMP0255,07/14/2024,instagram,Summer Sale,8194.67,76595,1846,119,
CMP0256,2024-07-29,Google Ads,New Launch,14073.73,13746,2990,145,12478.62
CMP0257,08/18/2024,facebook ads,Summer Sale,6890.94,21204,1765,,7347.11
CMP0258,09/04/2024,google ads,Flash Sale,7856.76,66222,102,86,14241.72
CMP0259,01/07/2024,email,Diwali Offer,5029.59,93429,,,22669.85
CMP0260,2024-03-11,google ads,Flash Sale,7693.82,167124,676,66,
CMP0261,2024-04-08,Instagram,Retargeting,11115.97,9058,1331,108,33700.96
CMP0262,2024-07-27,google ads,Retargeting,9788.42,191916,1837,14,24958.81
CMP0263,05/07/2024,Email,Diwali Offer,,137579,2437,21,2448.64
CMP0264,2024-01-04,facebook ads,New Launch,,7574,-5,,5376.26
CMP0265,29/01/2024,email,Brand Awareness,8345.98,,1600,29,32844.97
CMP0266,22/08/2024,Email,Retargeting,13452.06,77370,1343,141,38503.15
CMP0267,2024-05-18,Email,Retargeting,-200,112830,99,,25572.45
CMP0268,16/06/2024,email,Brand Awareness,11347.32,189673,757,139,7983.9
CMP0269,01/06/2024,email,Flash Sale,13765.29,75622,1563,90,18625.56
CMP0270,06/14/2024,LinkedIn Ads,Retargeting,6706.68,90780,1627,137,31433.1
CMP0271,22/08/2024,LinkedIn Ads,Diwali Offer,6856.45,185850,1812,77,12078.03
CMP0272,2024-01-02,Google Ads,Flash Sale,8606.79,61503,1915,3,
CMP0273,01/02/2024,facebook ads,Brand Awareness,10743.97,175436,456,121,4919.25
CMP0274,2024-05-22,LinkedIn Ads,Diwali Offer,10068.79,59097,-5,135,21810.85
CMP0275,2024-06-09,Instagram,New Launch,4693.43,133798,1832,,10567.43
CMP0276,2024-06-28,LinkedIn Ads,Summer Sale,2260.88,190563,1605,49,4521.55
CMP0277,04/28/2024,google ads,New Launch,-200,22328,2624,87,37912.5
CMP0278,2024-04-04,LinkedIn Ads,Diwali Offer,2514.98,66874,,65,1808.9
CMP0279,05/01/2024,Google Ads,Brand Awareness,11315.66,73254,2196,126,3732.29
CMP0280,28/02/2024,LinkedIn Ads,Retargeting,2241.12,126761,-5,74,34049.14
CMP0281,22/01/2024,LinkedIn Ads,Flash Sale,8494.68,92549,1598,107,
CMP0282,2024-01-02,Instagram,Diwali Offer,1444.81,126219,2108,112,
CMP0283,08/05/2024,Email,Brand Awareness,12389.17,35318,,35,16076.94
CMP0284,27/02/2024,facebook ads,Summer Sale,9684.35,66824,2463,61,10533.55
CMP0285,2024-05-25,google ads,Flash Sale,,121606,,50,
CMP0286,2024-04-05,instagram,Flash Sale,12174.7,6665,1017,65,8750.02
CMP0287,05/04/2024,Google Ads,New Launch,10344.02,61453,582,30,28288.91
CMP0288,12/08/2024,email,Flash Sale,13163.96,48442,21,61,16530.53
CMP0289,07/08/2024,Facebook Ads,Summer Sale,14210.73,176894,1599,46,38098.99
CMP0290,07/01/2024,Instagram,Diwali Offer,10992.78,169050,2856,101,34080.15
CMP0291,28/06/2024,google ads,Flash Sale,-200,81457,276,30,18009.36
CMP0292,08/21/2024,facebook ads,Brand Awareness,11549.65,174731,2616,2,34641.62
CMP0293,07/29/2024,Email,Brand Awareness,537.19,108535,2153,83,12435.26
CMP0294,01/20/2024,Email,Retargeting,,94787,1023,97,38928.01
CMP0295,08/02/2024,google ads,New Launch,,124739,2451,84,32100.15
CMP0296,08/16/2024,facebook ads,Flash Sale,4084.66,189133,2239,21,11215.45
CMP0297,2024-01-11,Email,Brand Awareness,,68069,2715,,26182.69
CMP0298,01/08/2024,email,Brand Awareness,11540.68,121100,125,125,
CMP0299,06/05/2024,Google Ads,Retargeting,-200,176739,2326,100,36246.3
CMP0300,08/05/2024,instagram,Summer Sale,10282.97,73174,-5,98,
CMP0301,2024-02-28,Facebook Ads,New Launch,7275.07,48029,2333,,7201.15
CMP0302,2024-02-26,facebook ads,Flash Sale,1939.92,98307,230,,
CMP0303,18/04/2024,Facebook Ads,Flash Sale,6129.04,134721,1429,67,19156.75
CMP0304,06/02/2024,instagram,Brand Awareness,5946.2,86322,-5,97,22120.58
CMP0305,2024-04-12,Email,Diwali Offer,,4470,116,139,10756.89
CMP0306,2024-06-16,Google Ads,Retargeting,7783.57,87810,-5,8,36430.15
CMP0307,2024-01-05,Email,Summer Sale,10476.32,92563,1652,12,38227.12
CMP0308,2024-01-05,LinkedIn Ads,Flash Sale,856.65,187951,255,141,21287.79
CMP0309,08/16/2024,google ads,Diwali Offer,,7746,1798,142,
CMP0310,02/24/2024,Instagram,Summer Sale,5848.88,159428,,48,13521.45
CMP0311,04/11/2024,google ads,Summer Sale,11665.4,22661,1723,84,11195.05
CMP0312,2024-01-11,Google Ads,Summer Sale,5778.43,5892,1711,124,6752.32
CMP0313,05/04/2024,google ads,New Launch,12550.82,107434,,,3772.87
CMP0314,24/02/2024,Email,Retargeting,6484.85,24669,577,112,5999.68
CMP0315,2024-07-11,instagram,Summer Sale,11907.69,150884,2488,145,30705.75
CMP0316,06/20/2024,instagram,Diwali Offer,14621.49,189662,2380,141,32771.73
CMP0317,29/03/2024,facebook ads,Flash Sale,7039.93,137814,1997,77,24192.81
CMP0318,2024-03-20,email,New Launch,5798.98,6405,2009,71,568.63
CMP0319,04/03/2024,google ads,Summer Sale,3601.12,4436,2605,123,3623.17
CMP0320,19/06/2024,instagram,Brand Awareness,11104.51,112779,2168,102,36363.07
CMP0033,2024-04-15,google ads,Brand Awareness,8545.46,63880,,45,26874.72
CMP0223,02/08/2024,email,Retargeting,12154.25,38589,,71,17587.92
CMP0299,06/05/2024,Google Ads,Retargeting,-200,176739,2326,100,36246.3
CMP0058,2024-03-28,Google Ads,Diwali Offer,10552.94,46481,182,141,5127.3
CMP0297,2024-01-11,Email,Brand Awareness,,68069,2715,,26182.69
CMP0226,02/21/2024,email,Flash Sale,10128.84,63019,1534,3,23822.81
CMP0204,04/15/2024,instagram,New Launch,12392.56,190582,1637,86,23319.12
CMP0012,03/08/2024,instagram,Flash Sale,-200,107327,1734,35,3793.57
CMP0278,2024-04-04,LinkedIn Ads,Diwali Offer,2514.98,66874,,65,1808.9
CMP0164,08/24/2024,Facebook Ads,Flash Sale,11464.13,13809,2108,96,34227.63
CMP0170,2024-03-06,Instagram,Diwali Offer,14782.28,120534,2242,113,
CMP0127,2024-07-14,instagram,Brand Awareness,13733.19,177923,2604,119,
CMP0182,05/09/2024,Facebook Ads,Flash Sale,-200,120630,-5,137,36974.77
CMP0280,28/02/2024,LinkedIn Ads,Retargeting,2241.12,126761,-5,74,34049.14
CMP0237,09/05/2024,facebook ads,Flash Sale,7638.3,152374,2381,55,5055.63
